t en s,d en m
0,0
0.01,0.0004905
0.02,0.001962
0.03,0.0044145
0.04,0.007848
0.05,0.0122625
0.06,0.017658
0.07,0.0240345
0.08,0.031392
0.09,0.0397305
0.1,0.04905
0.11,0.0593505
0.12,0.070632
0.13,0.0828945
0.14,0.096138
0.15,0.1103625
0.16,0.125568
0.17,0.1417545
0.18,0.158922
0.19,0.1770705
0.2,0.1962
